,"2,1","3,1","4,1","5,1","6,1","8,1","9,1","10,1","21,1","22,1","3,2","4,2","5,2","6,2","8,2","9,2","10,2","21,2","22,2","4,3","5,3","6,3","8,3","9,3","10,3","21,3","22,3","5,4","6,4","8,4","9,4","10,4","21,4","22,4","6,5","8,5","9,5","10,5","21,5","22,5","8,6","9,6","10,6","21,6","22,6","9,8","10,8","21,8","22,8","10,9","21,9","22,9","21,10","22,10","22,21"
"1,2",0.9969696969700002,0.0,0.0,0.0,0.0,0.0,0.0,0.0,0.0,0.0,0.0,0.0,0.0,0.0,0.0,0.0,0.0,0.0,0.0,0.975757575758,0.963636363636,0.9666666666670001,0.9545454545450001,0.963636363636,0.9772727272730001,0.942424242424,0.916666666667,0.860606060606,0.9772727272730001,0.8909090909090001,0.916666666667,0.9303030303030001,0.962121212121,0.942424242424,0.974242424242,0.893939393939,0.9181818181820001,0.9287878787880001,0.9545454545450001,0.9469696969700001,0.975757575758,0.9772727272730001,0.980303030303,0.971212121212,0.910606060606,0.927272727273,0.8954545454549999,0.963636363636,0.924242424242,0.912121212121,0.971212121212,0.962121212121,0.980303030303,0.9545454545450001,0.910606060606
"1,3",0.0,0.963636363636,0.0,0.0,0.0,0.0,0.0,0.0,0.0,0.0,0.0,0.934848484848,0.924242424242,0.940909090909,0.925757575758,0.919696969697,0.927272727273,0.9,0.8909090909090001,0.0,0.0,0.0,0.0,0.0,0.0,0.0,0.0,0.9181818181820001,0.9318181818179999,0.933333333333,0.9439393939390001,0.9469696969700001,0.9393939393940001,0.936363636364,0.933333333333,0.9303030303030001,0.940909090909,0.9287878787880001,0.945454545455,0.95,0.945454545455,0.957575757576,0.9439393939390001,0.960606060606,0.957575757576,0.956060606061,0.9393939393940001,0.933333333333,0.9318181818179999,0.945454545455,0.965151515152,0.9696969696969999,0.9303030303030001,0.9530303030299999,0.978787878788
"1,4",0.0,0.0,0.980303030303,0.0,0.0,0.0,0.0,0.0,0.0,0.0,0.8439393939390001,0.0,0.8287878787880001,0.8803030303030001,0.787878787879,0.842424242424,0.8196969696969999,0.8833333333329999,0.8924242424240001,0.0,0.9181818181820001,0.9666666666670001,0.9318181818179999,0.927272727273,0.9318181818179999,0.934848484848,0.965151515152,0.0,0.0,0.0,0.0,0.0,0.0,0.0,0.965151515152,0.830303030303,0.8651515151520001,0.863636363636,0.9318181818179999,0.9212121212119999,0.975757575758,0.975757575758,0.9530303030299999,0.972727272727,0.974242424242,0.84696969697,0.84696969697,0.936363636364,0.962121212121,0.8212121212119999,0.940909090909,0.951515151515,0.933333333333,0.927272727273,0.927272727273
"1,5",0.0,0.0,0.0,1.0,0.0,0.0,0.0,0.0,0.0,0.0,0.822222222222,0.684444444444,0.0,0.8755555555560001,0.7066666666670001,0.697777777778,0.646666666667,0.835555555556,0.842222222222,0.8977777777779999,0.0,0.933333333333,0.9111111111110001,0.904444444444,0.9,0.962222222222,0.9488888888889999,0.0,0.924444444444,0.688888888889,0.74,0.695555555556,0.904444444444,0.831111111111,0.0,0.0,0.0,0.0,0.0,0.0,0.9577777777779999,0.926666666667,0.9,0.962222222222,0.935555555556,0.724444444444,0.6711111111110001,0.931111111111,0.9133333333329999,0.713333333333,0.94,0.933333333333,0.931111111111,0.926666666667,0.935555555556
"1,6",0.0,0.0,0.0,0.0,0.8546875,0.0,0.0,0.0,0.0,0.0,0.7953125,0.7984375,0.828125,0.0,0.8375,0.8640625,0.84375,0.853125,0.8203125,0.7890625,0.796875,0.0,0.7921875,0.840625,0.80625,0.8234375,0.7875,0.828125,0.0,0.8,0.8171875,0.815625,0.8265625,0.8015625,0.0,0.8359375,0.8375,0.80625,0.8296875,0.8078125,0.0,0.0,0.0,0.0,0.0,0.846875,0.81875,0.8265625,0.821875,0.8625,0.8671875,0.85625,0.81875,0.78125,0.8203125
"1,8",0.0,0.0,0.0,0.0,0.0,0.986111111111,0.0,0.0,0.0,0.0,0.951388888889,0.894444444444,0.923611111111,0.956944444444,0.0,0.902777777778,0.895833333333,0.930555555556,0.9291666666670001,0.952777777778,0.923611111111,0.954166666667,0.0,0.905555555556,0.8875,0.930555555556,0.954166666667,0.879166666667,0.956944444444,0.0,0.9125,0.884722222222,0.9347222222220001,0.9458333333329999,0.958333333333,0.0,0.9,0.890277777778,0.925,0.9375,0.0,0.944444444444,0.9111111111110001,0.9638888888889999,0.9708333333329999,0.0,0.0,0.0,0.0,0.898611111111,0.9125,0.936111111111,0.8972222222220001,0.9041666666670001,0.938888888889
"1,9",0.0,0.0,0.0,0.0,0.0,0.0,0.9714285714290001,0.0,0.0,0.0,0.952857142857,0.921428571429,0.942857142857,0.965714285714,0.931428571429,0.0,0.9,0.968571428571,0.972857142857,0.96,0.952857142857,0.98,0.931428571429,0.0,0.8628571428569999,0.95,0.954285714286,0.9442857142859999,0.9671428571430001,0.9514285714290001,0.0,0.928571428571,0.962857142857,0.9571428571430001,0.9714285714290001,0.905714285714,0.0,0.8985714285709999,0.952857142857,0.9471428571430001,0.9571428571430001,0.0,0.904285714286,0.954285714286,0.9442857142859999,0.0,0.8928571428569999,0.9442857142859999,0.925714285714,0.0,0.0,0.0,0.9028571428569999,0.907142857143,0.9471428571430001
"1,10",0.0,0.0,0.0,0.0,0.0,0.0,0.0,0.970422535211,0.0,0.0,0.976056338028,0.957746478873,0.952112676056,0.983098591549,0.938028169014,0.97323943662,0.0,0.980281690141,0.980281690141,0.969014084507,0.966197183099,0.971830985915,0.957746478873,0.9507042253519999,0.0,0.97323943662,0.970422535211,0.947887323944,0.983098591549,0.945070422535,0.961971830986,0.0,0.984507042254,0.977464788732,0.971830985915,0.915492957746,0.939436619718,0.0,0.974647887324,0.976056338028,0.970422535211,0.961971830986,0.0,0.985915492958,0.967605633803,0.945070422535,0.0,0.977464788732,0.971830985915,0.0,0.970422535211,0.971830985915,0.0,0.0,0.984507042254
"1,21",0.0,0.0,0.0,0.0,0.0,0.0,0.0,0.0,0.8905405405410001,0.0,0.924324324324,0.908108108108,0.906756756757,0.906756756757,0.847297297297,0.883783783784,0.921621621622,0.0,0.875675675676,0.875675675676,0.827027027027,0.8729729729729999,0.855405405405,0.905405405405,0.913513513514,0.0,0.855405405405,0.852702702703,0.866216216216,0.8716216216220001,0.8540540540539999,0.8878378378380001,0.0,0.827027027027,0.831081081081,0.875675675676,0.835135135135,0.8675675675679999,0.0,0.785135135135,0.85,0.883783783784,0.875675675676,0.0,0.85,0.889189189189,0.8689189189190001,0.0,0.8621621621619999,0.851351351351,0.0,0.860810810811,0.0,0.8729729729729999,0.0
"1,22",0.0,0.0,0.0,0.0,0.0,0.0,0.0,0.0,0.0,0.7726190476189999,0.765476190476,0.725,0.7785714285709999,0.730952380952,0.708333333333,0.72619047619,0.728571428571,0.75,0.0,0.7976190476189999,0.75,0.7928571428569999,0.7785714285709999,0.8142857142859999,0.829761904762,0.779761904762,0.0,0.811904761905,0.791666666667,0.7976190476189999,0.7833333333329999,0.8107142857140001,0.795238095238,0.0,0.7369047619050001,0.7583333333329999,0.775,0.766666666667,0.777380952381,0.0,0.775,0.7833333333329999,0.7523809523810001,0.789285714286,0.0,0.779761904762,0.734523809524,0.7833333333329999,0.0,0.803571428571,0.777380952381,0.0,0.764285714286,0.0,0.0
"2,3",0.0,0.0,0.983823529412,0.980882352941,0.964705882353,0.9705882352940001,0.964705882353,0.967647058824,0.9661764705879999,0.954411764706,0.997058823529,0.0,0.0,0.0,0.0,0.0,0.0,0.0,0.0,0.0,0.0,0.0,0.0,0.0,0.0,0.0,0.0,0.9705882352940001,0.983823529412,0.973529411765,0.9691176470589999,0.955882352941,0.967647058824,0.983823529412,0.977941176471,0.9691176470589999,0.9691176470589999,0.9691176470589999,0.983823529412,0.983823529412,0.980882352941,0.9691176470589999,0.9573529411759999,0.9661764705879999,0.964705882353,0.954411764706,0.9764705882350001,0.964705882353,0.977941176471,0.963235294118,0.952941176471,0.963235294118,0.9661764705879999,0.967647058824,0.955882352941
"2,4",0.0,0.932352941176,0.0,0.936764705882,0.936764705882,0.916176470588,0.935294117647,0.935294117647,0.945588235294,0.944117647059,0.0,0.913235294118,0.0,0.0,0.0,0.0,0.0,0.0,0.0,0.0,0.939705882353,0.955882352941,0.922058823529,0.95,0.944117647059,0.954411764706,0.941176470588,0.0,0.0,0.0,0.0,0.0,0.0,0.0,0.936764705882,0.919117647059,0.945588235294,0.916176470588,0.938235294118,0.944117647059,0.927941176471,0.932352941176,0.938235294118,0.947058823529,0.942647058824,0.941176470588,0.922058823529,0.932352941176,0.922058823529,0.922058823529,0.944117647059,0.945588235294,0.947058823529,0.9485294117649999,0.947058823529
"2,5",0.0,0.910638297872,0.9468085106380001,0.0,0.906382978723,0.9234042553190001,0.931914893617,0.9617021276600001,0.912765957447,0.912765957447,0.0,0.0,0.968085106383,0.0,0.0,0.0,0.0,0.0,0.0,0.93829787234,0.0,0.910638297872,0.910638297872,0.927659574468,0.951063829787,0.910638297872,0.910638297872,0.0,0.93829787234,0.9468085106380001,0.955319148936,0.970212765957,0.921276595745,0.921276595745,0.0,0.0,0.0,0.0,0.0,0.0,0.912765957447,0.929787234043,0.9617021276600001,0.912765957447,0.906382978723,0.9468085106380001,0.9468085106380001,0.9148936170209999,0.9191489361700002,0.9914893617020001,0.921276595745,0.9234042553190001,0.93829787234,0.9531914893619999,0.912765957447
"2,6",0.0,0.95,0.927272727273,0.9287878787880001,0.0,0.945454545455,0.933333333333,0.922727272727,0.945454545455,0.9530303030299999,0.0,0.0,0.0,0.9969696969700002,0.0,0.0,0.0,0.0,0.0,0.942424242424,0.9287878787880001,0.0,0.942424242424,0.924242424242,0.945454545455,0.9469696969700001,0.936363636364,0.784848484848,0.0,0.80303030303,0.8196969696969999,0.815151515152,0.965151515152,0.960606060606,0.0,0.8666666666670001,0.8696969696969999,0.825757575758,0.927272727273,0.9590909090909999,0.0,0.0,0.0,0.0,0.0,0.863636363636,0.863636363636,0.9393939393940001,0.9469696969700001,0.839393939394,0.9545454545450001,0.962121212121,0.945454545455,0.9545454545450001,0.945454545455
"2,8",0.0,0.991891891892,0.987837837838,0.986486486486,0.989189189189,0.0,0.9621621621619999,0.983783783784,0.986486486486,0.991891891892,0.0,0.0,0.0,0.0,0.995945945946,0.0,0.0,0.0,0.0,1.0,1.0,0.997297297297,0.0,0.927027027027,0.963513513514,0.995945945946,0.994594594595,0.987837837838,0.990540540541,0.0,0.997297297297,1.0,0.989189189189,0.9932432432430001,0.987837837838,0.0,1.0,0.9986486486489999,0.989189189189,0.9986486486489999,0.0,0.963513513514,0.9824324324320001,0.987837837838,0.9932432432430001,0.0,0.0,0.0,0.0,0.9824324324320001,0.9594594594589999,0.947297297297,0.9797297297299999,0.978378378378,0.987837837838
"2,9",0.0,0.9944444444439999,0.9875,0.9916666666670001,0.9916666666670001,0.952777777778,0.0,0.958333333333,0.9875,0.990277777778,0.0,0.0,0.0,0.0,0.0,0.9972222222220001,0.0,0.0,0.0,1.0,1.0,0.993055555556,0.936111111111,0.0,0.936111111111,0.984722222222,0.9944444444439999,0.983333333333,0.998611111111,0.993055555556,0.0,0.983333333333,0.998611111111,0.998611111111,0.998611111111,0.984722222222,0.0,0.980555555556,0.998611111111,0.998611111111,0.9458333333329999,0.0,0.952777777778,0.9875,0.998611111111,0.0,0.9375,0.930555555556,0.938888888889,0.0,0.0,0.0,0.941666666667,0.9347222222220001,0.988888888889
"2,10",0.0,0.9821917808220001,0.9863013698630001,0.9863013698630001,0.9863013698630001,0.9712328767120001,0.942465753425,0.0,0.9863013698630001,0.9863013698630001,0.0,0.0,0.0,0.0,0.0,0.0,0.9931506849320001,0.0,0.0,0.9863013698630001,0.983561643836,0.9712328767120001,0.949315068493,0.8945205479449999,0.0,0.9739726027399999,0.980821917808,0.983561643836,0.9863013698630001,0.9863013698630001,0.960273972603,0.0,0.9863013698630001,0.9863013698630001,0.9863013698630001,0.9863013698630001,0.9739726027399999,0.0,0.984931506849,0.9863013698630001,0.9547945205480001,0.920547945205,0.0,0.983561643836,0.984931506849,0.904109589041,0.0,0.9589041095890001,0.9698630136990001,0.0,0.9260273972600002,0.945205479452,0.0,0.0,0.9863013698630001
"2,21",0.0,0.988157894737,0.9789473684209999,0.9486842105259999,0.985526315789,0.986842105263,0.989473684211,0.980263157895,0.0,0.982894736842,0.0,0.0,0.0,0.0,0.0,0.0,0.0,0.9973684210529999,0.0,0.985526315789,0.984210526316,0.986842105263,0.988157894737,0.992105263158,0.9907894736839999,0.0,0.9657894736839999,0.8,0.982894736842,0.9407894736839999,0.9552631578949999,0.9342105263160001,0.0,0.986842105263,0.981578947368,0.925,0.9328947368420001,0.9,0.0,0.988157894737,0.988157894737,0.994736842105,0.981578947368,0.0,0.975,0.943421052632,0.9368421052629999,0.0,0.989473684211,0.9368421052629999,0.0,0.986842105263,0.0,0.986842105263,0.0
"2,22",0.0,0.931395348837,0.729069767442,0.7790697674420001,0.9418604651160001,0.8430232558140001,0.861627906977,0.8290697674420001,0.9755813953489999,0.0,0.0,0.0,0.0,0.0,0.0,0.0,0.0,0.0,0.997674418605,0.873255813953,0.8488372093019999,0.936046511628,0.8546511627910001,0.887209302326,0.868604651163,0.9651162790700001,0.0,0.656976744186,0.872093023256,0.6918604651160001,0.7337209302330001,0.705813953488,0.9069767441859999,0.0,0.894186046512,0.741860465116,0.7558139534880001,0.7511627906980001,0.904651162791,0.0,0.9058139534880001,0.9116279069769999,0.9023255813950001,0.959302325581,0.0,0.768604651163,0.762790697674,0.932558139535,0.0,0.759302325581,0.9302325581399999,0.0,0.917441860465,0.0,0.0
"3,4",0.944117647059,0.0,0.0,0.964705882353,0.983823529412,0.9705882352940001,0.9691176470589999,0.9691176470589999,0.9852941176469999,0.983823529412,0.0,0.0,0.9088235294120001,0.952941176471,0.929411764706,0.9235294117649999,0.9176470588240001,0.930882352941,0.954411764706,0.9852941176469999,0.0,0.0,0.0,0.0,0.0,0.0,0.0,0.0,0.0,0.0,0.0,0.0,0.0,0.0,0.980882352941,0.955882352941,0.9661764705879999,0.9794117647059999,0.9764705882350001,0.9705882352940001,0.9764705882350001,0.9764705882350001,0.9823529411759999,0.9823529411759999,0.9852941176469999,0.9691176470589999,0.977941176471,0.983823529412,0.9794117647059999,0.9705882352940001,0.9852941176469999,0.980882352941,0.975,0.980882352941,0.9852941176469999
"3,5",0.9085106382979999,0.0,0.955319148936,0.0,0.9914893617020001,0.976595744681,0.974468085106,0.976595744681,0.976595744681,0.9808510638299999,0.0,0.910638297872,0.0,0.921276595745,0.906382978723,0.934042553191,0.9148936170209999,0.955319148936,0.9531914893619999,0.0,1.0,0.0,0.0,0.0,0.0,0.0,0.0,0.0,0.978723404255,0.9617021276600001,0.948936170213,0.968085106383,0.9808510638299999,0.974468085106,0.0,0.0,0.0,0.0,0.0,0.0,0.976595744681,0.978723404255,0.976595744681,0.970212765957,0.9829787234039999,0.974468085106,0.974468085106,0.976595744681,0.976595744681,0.968085106383,0.976595744681,0.976595744681,0.976595744681,0.976595744681,0.9808510638299999
"3,6",0.778787878788,0.0,0.816666666667,0.789393939394,0.0,0.8287878787880001,0.839393939394,0.856060606061,0.792424242424,0.807575757576,0.0,0.804545454545,0.798484848485,0.0,0.793939393939,0.7727272727269999,0.827272727273,0.793939393939,0.7909090909090001,0.0,0.0,0.786363636364,0.0,0.0,0.0,0.0,0.0,0.8106060606059999,0.0,0.833333333333,0.827272727273,0.842424242424,0.754545454545,0.827272727273,0.0,0.851515151515,0.830303030303,0.8439393939390001,0.762121212121,0.816666666667,0.0,0.0,0.0,0.0,0.0,0.812121212121,0.837878787879,0.7909090909090001,0.8212121212119999,0.8439393939390001,0.8439393939390001,0.8757575757580001,0.837878787879,0.822727272727,0.778787878788
"3,8",0.9608108108110001,0.0,0.9689189189190001,0.9567567567569999,0.989189189189,0.0,0.947297297297,0.967567567568,0.9986486486489999,0.986486486486,0.0,0.955405405405,0.932432432432,0.9621621621619999,0.0,0.9202702702700001,0.9486486486489999,0.972972972973,0.971621621622,0.0,0.0,0.0,1.0,0.0,0.0,0.0,0.0,0.958108108108,0.9702702702700001,0.0,0.951351351351,0.967567567568,0.9770270270270001,0.972972972973,0.981081081081,0.0,0.9608108108110001,0.9608108108110001,0.975675675676,0.9702702702700001,0.0,0.986486486486,0.975675675676,0.991891891892,0.987837837838,0.0,0.0,0.0,0.0,0.9743243243240001,0.986486486486,0.983783783784,0.983783783784,0.967567567568,0.995945945946
"3,9",0.954166666667,0.0,0.9708333333329999,0.965277777778,0.986111111111,0.927777777778,0.0,0.925,0.986111111111,0.986111111111,0.0,0.947222222222,0.884722222222,0.955555555556,0.847222222222,0.0,0.873611111111,0.9458333333329999,0.9666666666670001,0.0,0.0,0.0,0.0,0.990277777778,0.0,0.0,0.0,0.9458333333329999,0.972222222222,0.913888888889,0.0,0.926388888889,0.961111111111,0.976388888889,0.979166666667,0.9291666666670001,0.0,0.9666666666670001,0.972222222222,0.9708333333329999,0.944444444444,0.0,0.944444444444,0.986111111111,0.986111111111,0.0,0.9125,0.95,0.933333333333,0.0,0.0,0.0,0.930555555556,0.902777777778,0.986111111111
"3,10",0.930136986301,0.0,0.972602739726,0.960273972603,0.9863013698630001,0.9438356164380001,0.9698630136990001,0.0,0.9863013698630001,0.9863013698630001,0.0,0.9027397260269999,0.8547945205480001,0.941095890411,0.8945205479449999,0.893150684932,0.0,0.9260273972600002,0.953424657534,0.0,0.0,0.0,0.0,0.0,0.9863013698630001,0.0,0.0,0.927397260274,0.972602739726,0.9178082191779999,0.9328767123289999,0.0,0.976712328767,0.972602739726,0.9753424657529999,0.923287671233,0.9260273972600002,0.0,0.9506849315070001,0.9589041095890001,0.9753424657529999,0.980821917808,0.0,0.9863013698630001,0.9863013698630001,0.927397260274,0.0,0.9821917808220001,0.980821917808,0.0,0.983561643836,0.979452054795,0.0,0.0,0.984931506849
"3,21",0.905263157895,0.0,0.9407894736839999,0.9105263157889999,0.9513157894740001,0.9157894736839999,0.903947368421,0.9092105263160001,0.0,0.918421052632,0.0,0.9513157894740001,0.9236842105259999,0.918421052632,0.9,0.9144736842110001,0.931578947368,0.0,0.8960526315790001,0.0,0.0,0.0,0.0,0.0,0.0,0.9328947368420001,0.0,0.943421052632,0.9407894736839999,0.9328947368420001,0.9355263157889999,0.9197368421050001,0.0,0.9486842105259999,0.9289473684209999,0.889473684211,0.9105263157889999,0.9144736842110001,0.0,0.906578947368,0.906578947368,0.897368421053,0.917105263158,0.0,0.9210526315790001,0.9078947368420001,0.906578947368,0.0,0.9105263157889999,0.9236842105259999,0.0,0.911842105263,0.0,0.9105263157889999,0.0
"3,22",0.9011627906980001,0.0,0.918604651163,0.951162790698,0.95,0.922093023256,0.918604651163,0.91511627907,0.926744186047,0.0,0.0,0.8488372093019999,0.922093023256,0.883720930233,0.855813953488,0.873255813953,0.926744186047,0.894186046512,0.0,0.0,0.0,0.0,0.0,0.0,0.0,0.0,0.887209302326,0.917441860465,0.946511627907,0.927906976744,0.9104651162790001,0.917441860465,0.946511627907,0.0,0.963953488372,0.923255813953,0.909302325581,0.9302325581399999,0.946511627907,0.0,0.932558139535,0.936046511628,0.948837209302,0.945348837209,0.0,0.908139534884,0.91976744186,0.9348837209299999,0.0,0.9116279069769999,0.908139534884,0.0,0.945348837209,0.0,0.0
"4,5",0.8914893617020001,0.993617021277,0.0,0.0,0.9914893617020001,0.993617021277,0.993617021277,0.976595744681,0.993617021277,0.995744680851,0.857446808511,0.0,0.0,0.876595744681,0.8680851063830001,0.863829787234,0.8680851063830001,0.8808510638299999,0.8808510638299999,0.0,0.0,0.995744680851,0.993617021277,0.9914893617020001,0.9723404255320001,0.993617021277,0.993617021277,0.976595744681,0.0,0.0,0.0,0.0,0.0,0.0,0.0,0.0,0.0,0.0,0.0,0.0,0.9914893617020001,0.993617021277,0.9723404255320001,0.9914893617020001,0.993617021277,0.9617021276600001,0.948936170213,0.993617021277,0.993617021277,0.934042553191,0.993617021277,0.995744680851,0.976595744681,0.9808510638299999,0.995744680851
"4,6",0.834848484848,0.960606060606,0.0,0.872727272727,0.0,0.8848484848479999,0.913636363636,0.878787878788,0.9681818181820001,0.9666666666670001,0.872727272727,0.0,0.815151515152,0.0,0.801515151515,0.8439393939390001,0.8181818181820001,0.881818181818,0.8803030303030001,0.0,0.9030303030299999,0.0,0.934848484848,0.9303030303030001,0.925757575758,0.972727272727,0.9772727272730001,0.0,0.9848484848479999,0.0,0.0,0.0,0.0,0.0,0.0,0.8060606060609999,0.833333333333,0.85,0.937878787879,0.8909090909090001,0.0,0.0,0.0,0.0,0.0,0.8106060606059999,0.8439393939390001,0.927272727273,0.915151515152,0.836363636364,0.9590909090909999,0.933333333333,0.9212121212119999,0.922727272727,0.972727272727
"4,8",0.9594594594589999,0.971621621622,0.0,0.986486486486,0.9932432432430001,0.0,0.9594594594589999,0.9824324324320001,0.989189189189,0.997297297297,0.975675675676,0.0,0.9743243243240001,0.971621621622,0.0,0.972972972973,0.978378378378,0.967567567568,0.972972972973,0.0,0.995945945946,0.971621621622,0.0,0.939189189189,0.9689189189190001,0.967567567568,0.971621621622,0.0,0.0,0.972972972973,0.0,0.0,0.0,0.0,0.986486486486,0.0,0.994594594595,0.9986486486489999,0.986486486486,0.994594594595,0.0,0.9567567567569999,0.971621621622,0.990540540541,0.989189189189,0.0,0.0,0.0,0.0,0.972972972973,0.955405405405,0.9527027027030001,0.978378378378,0.971621621622,0.990540540541
"4,9",0.976388888889,0.9597222222220001,0.0,0.976388888889,0.976388888889,0.9666666666670001,0.0,0.969444444444,0.975,0.979166666667,0.9708333333329999,0.0,0.9708333333329999,0.969444444444,0.955555555556,0.0,0.969444444444,0.9736111111110001,0.965277777778,0.0,0.965277777778,0.972222222222,0.9777777777779999,0.0,0.968055555556,0.976388888889,0.9666666666670001,0.0,0.0,0.0,0.986111111111,0.0,0.0,0.0,0.9597222222220001,0.9777777777779999,0.0,0.972222222222,0.980555555556,0.984722222222,0.986111111111,0.0,0.972222222222,0.981944444444,0.975,0.0,0.980555555556,0.986111111111,0.9736111111110001,0.0,0.0,0.0,0.972222222222,0.972222222222,0.976388888889
"4,10",0.9671232876710001,1.0,0.0,0.980821917808,0.9863013698630001,0.9863013698630001,0.9698630136990001,0.0,0.9945205479449999,0.9698630136990001,0.960273972603,0.0,0.960273972603,0.9671232876710001,0.9863013698630001,0.9863013698630001,0.0,0.964383561644,0.9671232876710001,0.0,0.987671232877,0.972602739726,0.9712328767120001,0.9287671232879999,0.0,0.9753424657529999,1.0,0.0,0.0,0.0,0.0,0.987671232877,0.0,0.0,0.984931506849,1.0,0.979452054795,0.0,0.98904109589,0.9863013698630001,0.972602739726,0.961643835616,0.0,1.0,0.9931506849320001,0.972602739726,0.0,0.972602739726,0.9863013698630001,0.0,0.9630136986299999,0.972602739726,0.0,0.0,0.9904109589040001
"4,21",0.961842105263,0.984210526316,0.0,0.9421052631579999,0.973684210526,0.9789473684209999,0.988157894737,0.9657894736839999,0.0,0.977631578947,0.971052631579,0.0,0.8960526315790001,0.9552631578949999,0.903947368421,0.9263157894740001,0.9210526315790001,0.0,0.968421052632,0.0,0.981578947368,0.981578947368,0.976315789474,0.986842105263,0.982894736842,0.0,0.981578947368,0.0,0.0,0.0,0.0,0.0,0.986842105263,0.0,0.9789473684209999,0.9105263157889999,0.95,0.9157894736839999,0.0,0.9723684210529999,0.984210526316,0.986842105263,0.984210526316,0.0,0.984210526316,0.971052631579,0.9421052631579999,0.0,0.9789473684209999,0.9289473684209999,0.0,0.984210526316,0.0,0.982894736842,0.0
"4,22",0.827906976744,0.967441860465,0.0,0.8151162790700001,0.9337209302330001,0.913953488372,0.8744186046510001,0.861627906977,0.955813953488,0.0,0.85,0.0,0.703488372093,0.831395348837,0.7720930232559999,0.798837209302,0.7976744186049999,0.862790697674,0.0,0.0,0.804651162791,0.9302325581399999,0.9116279069769999,0.894186046512,0.9034883720929999,0.961627906977,0.0,0.0,0.0,0.0,0.0,0.0,0.0,0.974418604651,0.888372093023,0.7197674418600001,0.782558139535,0.809302325581,0.886046511628,0.0,0.9348837209299999,0.8953488372089999,0.8930232558140001,0.959302325581,0.0,0.8023255813950001,0.783720930233,0.9290697674420001,0.0,0.8209302325579999,0.9162790697669999,0.0,0.904651162791,0.0,0.0
"5,6",0.7711111111110001,0.937777777778,0.82,0.0,0.0,0.886666666667,0.886666666667,0.8755555555560001,0.951111111111,0.931111111111,0.8844444444439999,0.631111111111,0.0,0.0,0.7066666666670001,0.7266666666670001,0.7066666666670001,0.8844444444439999,0.895555555556,0.8933333333329999,0.0,0.0,0.924444444444,0.904444444444,0.886666666667,0.975555555556,0.9666666666670001,0.0,0.0,0.644444444444,0.68,0.662222222222,0.9133333333329999,0.928888888889,1.0,0.0,0.0,0.0,0.0,0.0,0.0,0.0,0.0,0.0,0.0,0.608888888889,0.7088888888889999,0.926666666667,0.924444444444,0.7266666666670001,0.953333333333,0.9466666666670001,0.933333333333,0.926666666667,0.953333333333
"5,8",0.9358490566040001,0.9981132075470001,0.9924528301890001,0.0,0.977358490566,0.0,1.0,0.983018867925,0.9603773584909999,0.977358490566,0.943396226415,0.9075471698109999,0.0,0.9339622641509999,0.0,0.9245283018870001,0.9245283018870001,0.941509433962,0.943396226415,1.0,0.0,1.0,0.0,1.0,0.9754716981129999,0.9981132075470001,1.0,0.0,1.0,0.0,0.977358490566,0.952830188679,0.9981132075470001,0.9981132075470001,0.0,1.0,0.0,0.0,0.0,0.0,0.0,1.0,0.981132075472,0.983018867925,0.996226415094,0.0,0.0,0.0,0.0,0.905660377358,1.0,1.0,0.9981132075470001,1.0,0.9924528301890001
"5,9",0.949019607843,1.0,0.998039215686,0.0,0.996078431373,1.0,0.0,0.998039215686,0.994117647059,0.9882352941179999,0.949019607843,0.892156862745,0.0,0.962745098039,0.929411764706,0.0,0.98431372549,0.962745098039,0.950980392157,0.998039215686,0.0,1.0,1.0,0.0,0.9313725490200001,1.0,1.0,0.0,0.9921568627449999,1.0,0.0,1.0,0.998039215686,0.998039215686,0.0,0.0,1.0,0.0,0.0,0.0,1.0,0.0,0.962745098039,1.0,1.0,0.0,0.8313725490199999,1.0,1.0,0.0,0.0,0.0,0.994117647059,1.0,1.0
"5,10",0.942307692308,0.9980769230769999,0.9980769230769999,0.0,0.9596153846150001,0.9980769230769999,1.0,0.0,0.986538461538,0.953846153846,0.951923076923,0.9057692307690001,0.0,0.955769230769,0.9076923076919999,0.95,0.0,0.965384615385,0.953846153846,0.996153846154,0.0,0.9980769230769999,1.0,0.994230769231,0.0,0.9980769230769999,0.9980769230769999,0.0,0.9980769230769999,0.9615384615379999,1.0,0.0,0.9980769230769999,0.9980769230769999,0.0,0.0,0.0,0.988461538462,0.0,0.0,1.0,1.0,0.0,0.9980769230769999,0.988461538462,0.9615384615379999,0.0,1.0,1.0,0.0,1.0,1.0,0.0,0.0,0.9980769230769999
"5,21",0.9545454545450001,0.992727272727,0.9618181818179999,0.0,0.98,0.9872727272730001,0.985454545455,0.9309090909090001,0.0,0.989090909091,0.970909090909,0.8854545454549999,0.0,0.970909090909,0.887272727273,0.894545454545,0.863636363636,0.0,0.976363636364,0.981818181818,0.0,0.990909090909,0.98,0.992727272727,0.981818181818,0.0,0.998181818182,0.0,0.976363636364,0.894545454545,0.861818181818,0.8,0.0,0.970909090909,0.0,0.0,0.0,0.0,1.0,0.0,0.976363636364,0.983636363636,0.983636363636,0.0,0.990909090909,0.907272727273,0.870909090909,0.0,0.9781818181820001,0.832727272727,0.0,0.990909090909,0.0,0.972727272727,0.0
"5,22",0.846153846154,0.946153846154,0.84,0.0,0.9307692307690001,0.796923076923,0.826153846154,0.812307692308,0.946153846154,0.0,0.884615384615,0.7092307692309999,0.0,0.878461538462,0.744615384615,0.784615384615,0.784615384615,0.906153846154,0.0,0.884615384615,0.0,0.953846153846,0.898461538462,0.9030769230769999,0.890769230769,0.975384615385,0.0,0.0,0.8430769230769999,0.755384615385,0.750769230769,0.710769230769,0.904615384615,0.0,0.0,0.0,0.0,0.0,0.0,1.0,0.8630769230769999,0.875384615385,0.858461538462,0.9492307692309999,0.0,0.72,0.692307692308,0.889230769231,0.0,0.7169230769230001,0.924615384615,0.0,0.8969230769230001,0.0,0.0
"6,8",0.916666666667,0.941666666667,0.918055555556,0.9347222222220001,0.0,0.0,0.9083333333329999,0.9,0.955555555556,0.941666666667,0.933333333333,0.8833333333329999,0.9152777777779999,0.0,0.0,0.898611111111,0.895833333333,0.920833333333,0.9041666666670001,0.925,0.905555555556,0.0,0.0,0.913888888889,0.9083333333329999,0.9597222222220001,0.961111111111,0.844444444444,0.0,0.0,0.8722222222220001,0.8875,0.9319444444439999,0.9375,0.0,0.0,0.873611111111,0.8833333333329999,0.951388888889,0.9291666666670001,0.9916666666670001,0.0,0.0,0.0,0.0,0.0,0.0,0.0,0.0,0.8833333333329999,0.925,0.916666666667,0.936111111111,0.925,0.9666666666670001
"6,9",0.891428571429,0.942857142857,0.881428571429,0.8871428571430001,0.0,0.7928571428569999,0.0,0.755714285714,0.964285714286,0.941428571429,0.8871428571430001,0.8514285714290001,0.864285714286,0.0,0.842857142857,0.0,0.8471428571430001,0.915714285714,0.891428571429,0.894285714286,0.8771428571430001,0.0,0.8,0.0,0.795714285714,0.962857142857,0.962857142857,0.864285714286,0.0,0.7785714285709999,0.0,0.811428571429,0.948571428571,0.921428571429,0.0,0.8,0.0,0.797142857143,0.927142857143,0.94,0.0,0.975714285714,0.0,0.0,0.0,0.0,0.7428571428569999,0.822857142857,0.834285714286,0.0,0.0,0.0,0.825714285714,0.7685714285709999,0.97
"6,10",0.874647887324,0.976056338028,0.907042253521,0.921126760563,0.0,0.908450704225,0.9098591549299998,0.0,0.974647887324,0.97323943662,0.946478873239,0.846478873239,0.885915492958,0.0,0.8901408450700001,0.878873239437,0.0,0.930985915493,0.925352112676,0.952112676056,0.921126760563,0.0,0.915492957746,0.93661971831,0.0,0.978873239437,0.985915492958,0.860563380282,0.0,0.854929577465,0.877464788732,0.0,0.949295774648,0.947887323944,0.0,0.843661971831,0.857746478873,0.0,0.943661971831,0.9507042253519999,0.0,0.0,0.984507042254,0.0,0.0,0.819718309859,0.0,0.938028169014,0.925352112676,0.0,0.928169014085,0.938028169014,0.0,0.0,0.970422535211
"6,21",0.831081081081,0.836486486486,0.8567567567569999,0.852702702703,0.0,0.851351351351,0.839189189189,0.821621621622,0.0,0.837837837838,0.805405405405,0.832432432432,0.828378378378,0.0,0.817567567568,0.814864864865,0.7959459459460001,0.0,0.810810810811,0.818918918919,0.821621621622,0.0,0.8040540540539999,0.814864864865,0.8094594594589999,0.0,0.843243243243,0.818918918919,0.0,0.824324324324,0.771621621622,0.7959459459460001,0.0,0.832432432432,0.0,0.816216216216,0.814864864865,0.827027027027,0.0,0.851351351351,0.0,0.0,0.0,0.808108108108,0.0,0.82027027027,0.794594594595,0.0,0.836486486486,0.7891891891889999,0.0,0.841891891892,0.0,0.778378378378,0.0
"6,22",0.8095238095239999,0.784523809524,0.807142857143,0.8,0.0,0.821428571429,0.821428571429,0.84880952381,0.7988095238099999,0.0,0.820238095238,0.796428571429,0.8154761904760001,0.0,0.795238095238,0.8142857142859999,0.8011904761900001,0.804761904762,0.0,0.794047619048,0.7976190476189999,0.0,0.811904761905,0.802380952381,0.825,0.77380952381,0.0,0.794047619048,0.0,0.77380952381,0.7678571428569999,0.7571428571430001,0.775,0.0,0.0,0.775,0.807142857143,0.802380952381,0.7726190476189999,0.0,0.0,0.0,0.0,0.0,0.75,0.796428571429,0.822619047619,0.808333333333,0.0,0.7976190476189999,0.784523809524,0.0,0.789285714286,0.0,0.0
"8,9",0.8948717948720001,0.898717948718,0.885897435897,0.8974358974359999,0.910256410256,0.0,0.0,0.8833333333329999,0.884615384615,0.884615384615,0.892307692308,0.9064102564100001,0.9076923076919999,0.898717948718,0.0,0.0,0.9205128205130001,0.8974358974359999,0.889743589744,0.8487179487180001,0.867948717949,0.8974358974359999,0.0,0.0,0.892307692308,0.867948717949,0.889743589744,0.916666666667,0.888461538462,0.0,0.0,0.9256410256409999,0.8589743589740001,0.879487179487,0.9,0.0,0.0,0.9012820512819999,0.860256410256,0.874358974359,0.0,0.0,0.861538461538,0.8589743589740001,0.8910256410259999,0.903846153846,0.0,0.0,0.0,0.0,0.0,0.0,0.8538461538459999,0.871794871795,0.892307692308
"8,10",0.9670886075949999,0.978481012658,0.981012658228,0.973417721519,0.9936708860760001,0.0,0.9658227848100001,0.0,0.9987341772149999,0.9835443037970001,0.9658227848100001,0.953164556962,0.939240506329,0.963291139241,0.0,0.9202531645569999,0.0,0.9620253164560001,0.9696202531649999,0.964556962025,0.9544303797470001,0.986075949367,0.0,0.987341772152,0.0,0.981012658228,0.960759493671,0.958227848101,0.963291139241,0.0,0.950632911392,0.0,0.9696202531649999,0.989873417722,0.958227848101,0.0,0.945569620253,0.0,0.9658227848100001,0.9835443037970001,0.0,0.9569620253159999,0.0,0.973417721519,0.989873417722,0.0,0.987341772152,0.0,0.0,0.0,0.975949367089,0.9974683544299999,0.0,0.0,0.9949367088609999
"8,21",0.958536585366,0.99756097561,0.939024390244,0.9524390243899999,0.998780487805,0.0,0.962195121951,0.942682926829,0.0,0.998780487805,0.979268292683,0.920731707317,0.942682926829,0.9548780487799999,0.0,0.906097560976,0.9280487804880001,0.0,0.965853658537,0.920731707317,0.9475609756100001,0.998780487805,0.0,0.942682926829,0.9451219512200001,0.0,0.998780487805,0.8780487804880001,0.926829268293,0.0,0.884146341463,0.914634146341,0.0,0.9353658536589999,0.9353658536589999,0.0,0.9048780487799999,0.898780487805,0.0,0.965853658537,0.0,0.963414634146,0.930487804878,0.0,0.998780487805,0.0,0.0,0.996341463415,0.0,0.9292682926829999,0.0,0.9548780487799999,0.0,0.9243902439020001,0.0
"8,22",0.9130434782610001,0.8978260869570001,0.865217391304,0.8293478260870001,0.9228260869570001,0.0,0.7445652173909999,0.665217391304,0.957608695652,0.0,0.916304347826,0.759782608696,0.823913043478,0.933695652174,0.0,0.835869565217,0.8271739130429999,0.930434782609,0.0,0.8673913043479999,0.821739130435,0.833695652174,0.0,0.7021739130429999,0.745652173913,0.941304347826,0.0,0.792391304348,0.890217391304,0.0,0.7956521739129999,0.826086956522,0.9228260869570001,0.0,0.8826086956520001,0.0,0.726086956522,0.779347826087,0.890217391304,0.0,0.0,0.791304347826,0.821739130435,0.905434782609,0.0,0.0,0.0,0.0,0.989130434783,0.663043478261,0.7706521739129999,0.0,0.790217391304,0.0,0.0
"9,10",0.6857142857140001,0.779220779221,0.701298701299,0.666233766234,0.763636363636,0.736363636364,0.0,0.0,0.741558441558,0.719480519481,0.7155844155840001,0.6792207792209999,0.6857142857140001,0.6792207792209999,0.6766233766230001,0.0,0.0,0.7,0.716883116883,0.6883116883120001,0.668831168831,0.768831168831,0.738961038961,0.0,0.0,0.768831168831,0.736363636364,0.614285714286,0.7233766233769999,0.732467532468,0.0,0.0,0.7246753246750001,0.702597402597,0.6896103896100001,0.672727272727,0.0,0.0,0.64025974026,0.657142857143,0.744155844156,0.0,0.0,0.7727272727269999,0.7727272727269999,0.0,0.0,0.7246753246750001,0.744155844156,0.884415584416,0.0,0.0,0.0,0.0,0.755844155844
"9,21",0.98875,0.995,0.94875,0.97125,0.99625,0.93,0.0,0.85875,0.0,0.99875,0.975,0.94375,0.92125,0.9775,0.9125,0.0,0.91125,0.0,0.9825,0.95875,0.94625,0.995,0.93,0.0,0.84125,0.0,0.9975,0.92,0.93,0.875,0.0,0.88,0.0,0.9725,0.9675,0.88625,0.0,0.8975,0.0,0.98,0.8925,0.0,0.81625,0.0,0.99875,0.0,0.8075,0.0,0.94625,0.0,0.9975,0.0,0.0,0.88,0.0
"9,22",0.855555555556,0.8755555555560001,0.868888888889,0.8522222222220001,0.9133333333329999,0.7911111111110001,0.0,0.7266666666670001,0.96,0.0,0.914444444444,0.79,0.786666666667,0.8733333333329999,0.807777777778,0.0,0.7677777777779999,0.898888888889,0.0,0.878888888889,0.8488888888889999,0.8744444444439999,0.798888888889,0.0,0.667777777778,0.9133333333329999,0.0,0.766666666667,0.863333333333,0.8366666666670001,0.0,0.805555555556,0.915555555556,0.0,0.843333333333,0.775555555556,0.0,0.7555555555560001,0.906666666667,0.0,0.8366666666670001,0.0,0.794444444444,0.916666666667,0.0,0.0,0.7577777777779999,0.815555555556,0.0,0.0,0.0,0.9822222222220001,0.7366666666670001,0.0,0.0
"10,21",0.983950617284,0.998765432099,0.987654320988,0.9666666666670001,0.998765432099,0.982716049383,0.985185185185,0.0,0.0,0.998765432099,0.995061728395,0.934567901235,0.897530864198,0.9740740740739999,0.92962962963,0.914814814815,0.0,0.0,0.9901234567899999,0.976543209877,0.9777777777779999,0.998765432099,0.9777777777779999,0.993827160494,0.0,0.0,0.998765432099,0.869135802469,0.9641975308640001,0.8987654320990001,0.864197530864,0.0,0.0,0.988888888889,0.9777777777779999,0.872839506173,0.8518518518520001,0.0,0.0,0.995061728395,0.981481481481,0.97037037037,0.0,0.0,1.0,0.9160493827159999,0.0,0.0,0.9925925925929999,0.0,0.0,0.997530864198,0.987654320988,0.0,0.0
"10,22",0.9494505494509999,0.951648351648,0.914285714286,0.927472527473,0.9549450549449999,0.914285714286,0.8505494505490001,0.0,0.993406593407,0.0,0.9747252747249999,0.832967032967,0.864835164835,0.9208791208789999,0.87032967033,0.8505494505490001,0.0,0.96043956044,0.0,0.9208791208789999,0.903296703297,0.934065934066,0.9010989010989999,0.825274725275,0.0,0.9758241758239999,0.0,0.784615384615,0.8879120879119999,0.865934065934,0.8043956043960001,0.0,0.9637362637360001,0.0,0.905494505495,0.849450549451,0.8065934065929999,0.0,0.9560439560439999,0.0,0.931868131868,0.825274725275,0.0,0.9615384615379999,0.0,0.8142857142859999,0.0,0.953846153846,0.0,0.0,0.885714285714,0.0,0.0,0.9802197802200001,0.0
"21,22",0.792553191489,0.815957446809,0.775531914894,0.78085106383,0.7595744680850001,0.768085106383,0.81170212766,0.7723404255320001,0.0,0.0,0.8351063829790001,0.774468085106,0.7957446808509999,0.793617021277,0.723404255319,0.768085106383,0.7648936170209999,0.0,0.0,0.822340425532,0.848936170213,0.779787234043,0.76914893617,0.8095744680850001,0.7776595744679999,0.0,0.0,0.818085106383,0.7510638297869999,0.745744680851,0.791489361702,0.790425531915,0.0,0.0,0.785106382979,0.7585106382979999,0.771276595745,0.8074468085109999,0.0,0.0,0.7276595744679999,0.747872340426,0.7957446808509999,0.0,0.0,0.785106382979,0.756382978723,0.0,0.0,0.81170212766,0.0,0.0,0.0,0.0,0.801063829787
